Image,Object ID,Area,Edges,Center_x,Center_y,Width,Height,lbp_mean,lbp_std,Prediction
NEOS_SCI_2024001000312.fits,1,143910,4178,194.5,184.0,390,369,5.448738795080258,3.208112140217841,Debris
NEOS_SCI_2024001000555.fits,1,143910,4398,194.5,184.0,390,369,5.464408310749774,3.20057409137837,Debris
NEOS_SCI_2024001000838.fits,1,143910,3763,194.5,184.0,390,369,5.4049127927176706,3.2251663172609413,Debris
NEOS_SCI_2024001001121.fits,1,143910,4359,194.5,184.0,390,369,5.411479396845251,3.211143645737441,Debris
NEOS_SCI_2024001001404.fits,1,143910,3526,194.5,184.0,390,369,5.404447223959419,3.2195328757219848,Debris
